"ID","gender","age","Item 1","Item 2","Item 3","Item 4","Item 5"
"person1","Male",40,0,0,0,0,0
"person2","Female",27,0,0,0,0,0
"person3","Male",13,0,0,0,0,0
"person4","Female",17,0,0,0,0,1
"person5","Female",30,0,0,0,0,1
"person6","Female",46,0,0,0,0,1
"person7","Male",3,0,0,0,0,1
"person8","Male",5,0,0,0,0,1
"person9","Female",17,0,0,0,0,1
"person10","Male",27,0,0,0,1,0
"person11","Male",21,0,0,0,1,0
"person12","Male",47,0,0,0,1,1
"person13","Female",21,0,0,0,1,1
"person14","Female",41,0,0,0,1,1
"person15","Female",48,0,0,0,1,1
"person16","Male",32,0,0,0,1,1
"person17","Male",41,0,0,0,1,1
"person18","Male",24,0,0,0,1,1
"person19","Female",18,0,0,0,1,1
"person20","Female",36,0,0,0,1,1
"person21","Female",50,0,0,0,1,1
"person22","Female",32,0,0,0,1,1
"person23","Male",20,0,0,1,0,0
"person24","Female",18,0,0,1,0,1
"person25","Female",45,0,0,1,1,0
"person26","Male",20,0,0,1,1,0
"person27","Male",12,0,0,1,1,0
"person28","Female",44,0,0,1,1,1
"person29","Female",2,0,0,1,1,1
"person30","Male",18,0,0,1,1,1
"person31","Male",22,0,0,1,1,1
"person32","Female",2,0,1,0,0,0
"person33","Male",37,0,1,0,0,1
"person34","Male",31,0,1,0,0,1
"person35","Male",46,0,1,0,0,1
"person36","Female",11,0,1,0,0,1
"person37","Male",15,0,1,0,0,1
"person38","Male",29,0,1,0,0,1
"person39","Male",13,0,1,0,0,1
"person40","Female",7,0,1,0,0,1
"person41","Female",16,0,1,0,1,1
"person42","Male",2,0,1,0,1,1
"person43","Male",36,0,1,0,1,1
"person44","Male",7,0,1,0,1,1
"person45","Male",32,0,1,0,1,1
"person46","Female",35,0,1,0,1,1
"person47","Male",46,0,1,0,1,1
"person48","Female",8,0,1,0,1,1
"person49","Male",1,0,1,0,1,1
"person50","Male",25,0,1,0,1,1
"person51","Female",34,0,1,0,1,1
"person52","Female",8,0,1,0,1,1
"person53","Male",48,0,1,0,1,1
"person54","Male",21,0,1,0,1,1
"person55","Female",2,0,1,0,1,1
"person56","Female",24,0,1,0,1,1
"person57","Female",36,0,1,1,0,1
"person58","Female",36,0,1,1,0,1
"person59","Male",42,0,1,1,0,1
"person60","Female",8,0,1,1,1,0
"person61","Male",4,0,1,1,1,0
"person62","Male",30,0,1,1,1,1
"person63","Female",22,0,1,1,1,1
"person64","Female",41,0,1,1,1,1
"person65","Female",32,0,1,1,1,1
"person66","Male",8,0,1,1,1,1
"person67","Female",45,0,1,1,1,1
"person68","Male",21,0,1,1,1,1
"person69","Male",11,0,1,1,1,1
"person70","Male",7,0,1,1,1,1
"person71","Female",10,0,1,1,1,1
"person72","Male",19,0,1,1,1,1
"person73","Male",34,0,1,1,1,1
"person74","Male",9,0,1,1,1,1
"person75","Male",20,0,1,1,1,1
"person76","Male",49,0,1,1,1,1
"person77","Male",38,1,0,0,0,0
"person78","Female",42,1,0,0,0,0
"person79","Male",2,1,0,0,0,0
"person80","Female",2,1,0,0,0,0
"person81","Female",23,1,0,0,0,0
"person82","Female",3,1,0,0,0,0
"person83","Female",45,1,0,0,0,0
"person84","Female",31,1,0,0,0,0
"person85","Male",14,1,0,0,0,0
"person86","Female",4,1,0,0,0,0
"person87","Female",49,1,0,0,0,1
"person88","Male",44,1,0,0,0,1
"person89","Male",42,1,0,0,0,1
"person90","Male",35,1,0,0,0,1
"person91","Male",27,1,0,0,0,1
"person92","Male",28,1,0,0,0,1
"person93","Female",5,1,0,0,0,1
"person94","Female",20,1,0,0,0,1
"person95","Female",41,1,0,0,0,1
"person96","Female",31,1,0,0,0,1
"person97","Female",16,1,0,0,0,1
"person98","Male",9,1,0,0,0,1
"person99","Female",33,1,0,0,0,1
"person100","Female",21,1,0,0,0,1
"person101","Female",21,1,0,0,0,1
"person102","Male",7,1,0,0,0,1
"person103","Male",16,1,0,0,0,1
"person104","Male",5,1,0,0,0,1
"person105","Male",11,1,0,0,0,1
"person106","Female",46,1,0,0,0,1
"person107","Male",14,1,0,0,0,1
"person108","Female",9,1,0,0,0,1
"person109","Female",45,1,0,0,0,1
"person110","Female",19,1,0,0,0,1
"person111","Female",42,1,0,0,0,1
"person112","Male",16,1,0,0,0,1
"person113","Male",2,1,0,0,0,1
"person114","Male",29,1,0,0,0,1
"person115","Female",49,1,0,0,0,1
"person116","Female",19,1,0,0,1,0
"person117","Male",46,1,0,0,1,0
"person118","Female",46,1,0,0,1,0
"person119","Male",31,1,0,0,1,0
"person120","Male",30,1,0,0,1,0
"person121","Male",35,1,0,0,1,0
"person122","Female",40,1,0,0,1,0
"person123","Female",4,1,0,0,1,0
"person124","Male",29,1,0,0,1,0
"person125","Female",48,1,0,0,1,0
"person126","Female",15,1,0,0,1,0
"person127","Female",48,1,0,0,1,0
"person128","Male",21,1,0,0,1,0
"person129","Male",26,1,0,0,1,0
"person130","Female",7,1,0,0,1,1
"person131","Female",31,1,0,0,1,1
"person132","Female",37,1,0,0,1,1
"person133","Male",48,1,0,0,1,1
"person134","Male",46,1,0,0,1,1
"person135","Male",23,1,0,0,1,1
"person136","Male",8,1,0,0,1,1
"person137","Female",49,1,0,0,1,1
"person138","Female",40,1,0,0,1,1
"person139","Male",31,1,0,0,1,1
"person140","Male",12,1,0,0,1,1
"person141","Male",29,1,0,0,1,1
"person142","Male",27,1,0,0,1,1
"person143","Male",28,1,0,0,1,1
"person144","Female",10,1,0,0,1,1
"person145","Female",34,1,0,0,1,1
"person146","Female",12,1,0,0,1,1
"person147","Male",39,1,0,0,1,1
"person148","Female",10,1,0,0,1,1
"person149","Male",40,1,0,0,1,1
"person150","Male",32,1,0,0,1,1
"person151","Female",40,1,0,0,1,1
"person152","Male",20,1,0,0,1,1
"person153","Male",38,1,0,0,1,1
"person154","Female",32,1,0,0,1,1
"person155","Female",31,1,0,0,1,1
"person156","Female",42,1,0,0,1,1
"person157","Male",20,1,0,0,1,1
"person158","Male",2,1,0,0,1,1
"person159","Female",19,1,0,0,1,1
"person160","Female",5,1,0,0,1,1
"person161","Female",46,1,0,0,1,1
"person162","Male",37,1,0,0,1,1
"person163","Male",30,1,0,0,1,1
"person164","Male",30,1,0,0,1,1
"person165","Male",19,1,0,0,1,1
"person166","Male",9,1,0,0,1,1
"person167","Male",25,1,0,0,1,1
"person168","Male",13,1,0,0,1,1
"person169","Female",48,1,0,0,1,1
"person170","Male",27,1,0,0,1,1
"person171","Female",19,1,0,0,1,1
"person172","Female",45,1,0,0,1,1
"person173","Male",27,1,0,0,1,1
"person174","Female",3,1,0,0,1,1
"person175","Male",38,1,0,0,1,1
"person176","Male",18,1,0,0,1,1
"person177","Female",6,1,0,0,1,1
"person178","Male",11,1,0,0,1,1
"person179","Male",2,1,0,0,1,1
"person180","Male",47,1,0,0,1,1
"person181","Male",20,1,0,0,1,1
"person182","Female",44,1,0,0,1,1
"person183","Male",48,1,0,0,1,1
"person184","Female",5,1,0,0,1,1
"person185","Female",40,1,0,0,1,1
"person186","Male",16,1,0,0,1,1
"person187","Female",38,1,0,0,1,1
"person188","Female",20,1,0,0,1,1
"person189","Male",9,1,0,0,1,1
"person190","Male",2,1,0,0,1,1
"person191","Female",39,1,0,0,1,1
"person192","Male",13,1,0,0,1,1
"person193","Male",3,1,0,0,1,1
"person194","Female",13,1,0,0,1,1
"person195","Female",17,1,0,0,1,1
"person196","Male",38,1,0,0,1,1
"person197","Female",41,1,0,0,1,1
"person198","Female",22,1,0,0,1,1
"person199","Female",45,1,0,0,1,1
"person200","Male",34,1,0,0,1,1
"person201","Female",28,1,0,0,1,1
"person202","Male",37,1,0,0,1,1
"person203","Female",37,1,0,0,1,1
"person204","Female",40,1,0,0,1,1
"person205","Female",35,1,0,0,1,1
"person206","Male",50,1,0,0,1,1
"person207","Female",7,1,0,0,1,1
"person208","Male",13,1,0,0,1,1
"person209","Female",32,1,0,0,1,1
"person210","Female",25,1,0,0,1,1
"person211","Female",45,1,0,1,0,0
"person212","Female",48,1,0,1,0,0
"person213","Female",34,1,0,1,0,0
"person214","Male",10,1,0,1,0,1
"person215","Male",35,1,0,1,0,1
"person216","Female",41,1,0,1,0,1
"person217","Female",6,1,0,1,0,1
"person218","Male",28,1,0,1,0,1
"person219","Female",7,1,0,1,0,1
"person220","Male",35,1,0,1,0,1
"person221","Female",21,1,0,1,0,1
"person222","Male",38,1,0,1,0,1
"person223","Female",25,1,0,1,0,1
"person224","Female",7,1,0,1,0,1
"person225","Male",15,1,0,1,0,1
"person226","Male",5,1,0,1,0,1
"person227","Female",5,1,0,1,0,1
"person228","Female",34,1,0,1,0,1
"person229","Male",36,1,0,1,0,1
"person230","Male",8,1,0,1,0,1
"person231","Female",41,1,0,1,0,1
"person232","Male",5,1,0,1,0,1
"person233","Male",6,1,0,1,0,1
"person234","Male",19,1,0,1,0,1
"person235","Female",19,1,0,1,0,1
"person236","Female",25,1,0,1,0,1
"person237","Female",21,1,0,1,0,1
"person238","Female",21,1,0,1,0,1
"person239","Female",30,1,0,1,0,1
"person240","Female",48,1,0,1,0,1
"person241","Female",16,1,0,1,0,1
"person242","Female",1,1,0,1,1,0
"person243","Male",41,1,0,1,1,0
"person244","Female",14,1,0,1,1,0
"person245","Female",29,1,0,1,1,0
"person246","Female",38,1,0,1,1,0
"person247","Female",9,1,0,1,1,0
"person248","Female",45,1,0,1,1,0
"person249","Male",23,1,0,1,1,0
"person250","Male",29,1,0,1,1,0
"person251","Male",28,1,0,1,1,0
"person252","Male",47,1,0,1,1,0
"person253","Female",16,1,0,1,1,0
"person254","Male",16,1,0,1,1,0
"person255","Male",24,1,0,1,1,0
"person256","Female",50,1,0,1,1,0
"person257","Male",20,1,0,1,1,1
"person258","Female",25,1,0,1,1,1
"person259","Female",44,1,0,1,1,1
"person260","Male",28,1,0,1,1,1
"person261","Male",44,1,0,1,1,1
"person262","Female",5,1,0,1,1,1
"person263","Female",7,1,0,1,1,1
"person264","Female",13,1,0,1,1,1
"person265","Female",13,1,0,1,1,1
"person266","Male",25,1,0,1,1,1
"person267","Male",5,1,0,1,1,1
"person268","Female",21,1,0,1,1,1
"person269","Male",8,1,0,1,1,1
"person270","Male",50,1,0,1,1,1
"person271","Male",18,1,0,1,1,1
"person272","Male",27,1,0,1,1,1
"person273","Female",34,1,0,1,1,1
"person274","Male",5,1,0,1,1,1
"person275","Female",28,1,0,1,1,1
"person276","Male",22,1,0,1,1,1
"person277","Female",40,1,0,1,1,1
"person278","Male",42,1,0,1,1,1
"person279","Female",1,1,0,1,1,1
"person280","Female",45,1,0,1,1,1
"person281","Female",49,1,0,1,1,1
"person282","Female",36,1,0,1,1,1
"person283","Male",23,1,0,1,1,1
"person284","Male",9,1,0,1,1,1
"person285","Female",13,1,0,1,1,1
"person286","Female",20,1,0,1,1,1
"person287","Female",19,1,0,1,1,1
"person288","Male",45,1,0,1,1,1
"person289","Male",22,1,0,1,1,1
"person290","Female",37,1,0,1,1,1
"person291","Female",3,1,0,1,1,1
"person292","Female",9,1,0,1,1,1
"person293","Female",19,1,0,1,1,1
"person294","Female",44,1,0,1,1,1
"person295","Female",35,1,0,1,1,1
"person296","Female",24,1,0,1,1,1
"person297","Female",28,1,0,1,1,1
"person298","Female",11,1,0,1,1,1
"person299","Female",4,1,0,1,1,1
"person300","Male",1,1,0,1,1,1
"person301","Male",31,1,0,1,1,1
"person302","Male",8,1,0,1,1,1
"person303","Female",15,1,0,1,1,1
"person304","Female",28,1,0,1,1,1
"person305","Male",49,1,0,1,1,1
"person306","Female",8,1,0,1,1,1
"person307","Male",37,1,0,1,1,1
"person308","Female",4,1,0,1,1,1
"person309","Female",50,1,0,1,1,1
"person310","Male",29,1,0,1,1,1
"person311","Female",20,1,0,1,1,1
"person312","Male",31,1,0,1,1,1
"person313","Female",29,1,0,1,1,1
"person314","Male",41,1,0,1,1,1
"person315","Male",35,1,0,1,1,1
"person316","Female",21,1,0,1,1,1
"person317","Male",34,1,0,1,1,1
"person318","Male",3,1,0,1,1,1
"person319","Male",13,1,0,1,1,1
"person320","Female",2,1,0,1,1,1
"person321","Female",42,1,0,1,1,1
"person322","Female",22,1,0,1,1,1
"person323","Female",10,1,0,1,1,1
"person324","Male",12,1,0,1,1,1
"person325","Male",14,1,0,1,1,1
"person326","Male",19,1,0,1,1,1
"person327","Female",11,1,0,1,1,1
"person328","Male",11,1,0,1,1,1
"person329","Female",9,1,0,1,1,1
"person330","Male",8,1,0,1,1,1
"person331","Female",16,1,0,1,1,1
"person332","Female",33,1,0,1,1,1
"person333","Female",21,1,0,1,1,1
"person334","Male",37,1,0,1,1,1
"person335","Female",25,1,0,1,1,1
"person336","Female",9,1,0,1,1,1
"person337","Female",33,1,1,0,0,0
"person338","Male",32,1,1,0,0,0
"person339","Female",6,1,1,0,0,0
"person340","Male",39,1,1,0,0,0
"person341","Female",19,1,1,0,0,0
"person342","Male",25,1,1,0,0,0
"person343","Male",19,1,1,0,0,0
"person344","Female",49,1,1,0,0,0
"person345","Female",39,1,1,0,0,0
"person346","Female",34,1,1,0,0,0
"person347","Male",40,1,1,0,0,0
"person348","Female",4,1,1,0,0,0
"person349","Female",11,1,1,0,0,0
"person350","Female",36,1,1,0,0,0
"person351","Female",14,1,1,0,0,0
"person352","Male",31,1,1,0,0,0
"person353","Male",45,1,1,0,0,1
"person354","Female",30,1,1,0,0,1
"person355","Female",36,1,1,0,0,1
"person356","Male",2,1,1,0,0,1
"person357","Male",4,1,1,0,0,1
"person358","Male",35,1,1,0,0,1
"person359","Male",48,1,1,0,0,1
"person360","Male",15,1,1,0,0,1
"person361","Female",38,1,1,0,0,1
"person362","Male",37,1,1,0,0,1
"person363","Male",48,1,1,0,0,1
"person364","Male",39,1,1,0,0,1
"person365","Female",47,1,1,0,0,1
"person366","Male",7,1,1,0,0,1
"person367","Male",25,1,1,0,0,1
"person368","Female",41,1,1,0,0,1
"person369","Female",34,1,1,0,0,1
"person370","Male",3,1,1,0,0,1
"person371","Male",18,1,1,0,0,1
"person372","Male",20,1,1,0,0,1
"person373","Male",31,1,1,0,0,1
"person374","Male",20,1,1,0,0,1
"person375","Male",19,1,1,0,0,1
"person376","Female",17,1,1,0,0,1
"person377","Male",13,1,1,0,0,1
"person378","Male",27,1,1,0,0,1
"person379","Female",20,1,1,0,0,1
"person380","Female",50,1,1,0,0,1
"person381","Female",21,1,1,0,0,1
"person382","Female",2,1,1,0,0,1
"person383","Male",36,1,1,0,0,1
"person384","Male",47,1,1,0,0,1
"person385","Female",24,1,1,0,0,1
"person386","Male",12,1,1,0,0,1
"person387","Female",46,1,1,0,0,1
"person388","Male",27,1,1,0,0,1
"person389","Female",25,1,1,0,0,1
"person390","Female",11,1,1,0,0,1
"person391","Male",41,1,1,0,0,1
"person392","Male",46,1,1,0,0,1
"person393","Female",42,1,1,0,0,1
"person394","Female",13,1,1,0,0,1
"person395","Male",30,1,1,0,0,1
"person396","Female",1,1,1,0,0,1
"person397","Female",37,1,1,0,0,1
"person398","Male",32,1,1,0,0,1
"person399","Male",24,1,1,0,0,1
"person400","Male",46,1,1,0,0,1
"person401","Male",50,1,1,0,0,1
"person402","Male",48,1,1,0,0,1
"person403","Male",47,1,1,0,0,1
"person404","Female",14,1,1,0,0,1
"person405","Male",43,1,1,0,0,1
"person406","Male",41,1,1,0,0,1
"person407","Male",47,1,1,0,0,1
"person408","Female",48,1,1,0,0,1
"person409","Male",7,1,1,0,1,0
"person410","Male",45,1,1,0,1,0
"person411","Female",34,1,1,0,1,0
"person412","Male",36,1,1,0,1,0
"person413","Female",33,1,1,0,1,0
"person414","Female",49,1,1,0,1,0
"person415","Male",36,1,1,0,1,0
"person416","Male",19,1,1,0,1,0
"person417","Female",13,1,1,0,1,0
"person418","Male",25,1,1,0,1,0
"person419","Female",40,1,1,0,1,0
"person420","Female",13,1,1,0,1,0
"person421","Male",5,1,1,0,1,0
"person422","Female",2,1,1,0,1,0
"person423","Male",3,1,1,0,1,0
"person424","Male",14,1,1,0,1,0
"person425","Male",42,1,1,0,1,0
"person426","Female",6,1,1,0,1,0
"person427","Female",7,1,1,0,1,0
"person428","Male",40,1,1,0,1,0
"person429","Female",32,1,1,0,1,0
"person430","Female",49,1,1,0,1,1
"person431","Female",39,1,1,0,1,1
"person432","Female",10,1,1,0,1,1
"person433","Female",14,1,1,0,1,1
"person434","Male",18,1,1,0,1,1
"person435","Female",22,1,1,0,1,1
"person436","Female",33,1,1,0,1,1
"person437","Female",11,1,1,0,1,1
"person438","Male",28,1,1,0,1,1
"person439","Female",10,1,1,0,1,1
"person440","Male",46,1,1,0,1,1
"person441","Female",30,1,1,0,1,1
"person442","Female",42,1,1,0,1,1
"person443","Female",32,1,1,0,1,1
"person444","Female",24,1,1,0,1,1
"person445","Male",15,1,1,0,1,1
"person446","Female",22,1,1,0,1,1
"person447","Female",1,1,1,0,1,1
"person448","Male",32,1,1,0,1,1
"person449","Male",44,1,1,0,1,1
"person450","Female",5,1,1,0,1,1
"person451","Female",1,1,1,0,1,1
"person452","Male",34,1,1,0,1,1
"person453","Female",42,1,1,0,1,1
"person454","Female",19,1,1,0,1,1
"person455","Female",8,1,1,0,1,1
"person456","Female",14,1,1,0,1,1
"person457","Female",33,1,1,0,1,1
"person458","Male",13,1,1,0,1,1
"person459","Female",32,1,1,0,1,1
"person460","Female",15,1,1,0,1,1
"person461","Female",50,1,1,0,1,1
"person462","Male",17,1,1,0,1,1
"person463","Male",18,1,1,0,1,1
"person464","Female",12,1,1,0,1,1
"person465","Female",18,1,1,0,1,1
"person466","Female",9,1,1,0,1,1
"person467","Male",47,1,1,0,1,1
"person468","Male",4,1,1,0,1,1
"person469","Male",7,1,1,0,1,1
"person470","Male",41,1,1,0,1,1
"person471","Female",17,1,1,0,1,1
"person472","Female",48,1,1,0,1,1
"person473","Male",16,1,1,0,1,1
"person474","Male",18,1,1,0,1,1
"person475","Male",8,1,1,0,1,1
"person476","Female",9,1,1,0,1,1
"person477","Male",23,1,1,0,1,1
"person478","Male",37,1,1,0,1,1
"person479","Female",29,1,1,0,1,1
"person480","Male",17,1,1,0,1,1
"person481","Male",4,1,1,0,1,1
"person482","Female",3,1,1,0,1,1
"person483","Male",33,1,1,0,1,1
"person484","Male",27,1,1,0,1,1
"person485","Male",15,1,1,0,1,1
"person486","Female",17,1,1,0,1,1
"person487","Female",47,1,1,0,1,1
"person488","Female",37,1,1,0,1,1
"person489","Female",43,1,1,0,1,1
"person490","Female",38,1,1,0,1,1
"person491","Female",27,1,1,0,1,1
"person492","Female",34,1,1,0,1,1
"person493","Female",14,1,1,0,1,1
"person494","Female",49,1,1,0,1,1
"person495","Female",13,1,1,0,1,1
"person496","Female",40,1,1,0,1,1
"person497","Male",40,1,1,0,1,1
"person498","Male",46,1,1,0,1,1
"person499","Male",48,1,1,0,1,1
"person500","Female",24,1,1,0,1,1
"person501","Male",5,1,1,0,1,1
"person502","Female",29,1,1,0,1,1
"person503","Female",31,1,1,0,1,1
"person504","Male",44,1,1,0,1,1
"person505","Male",12,1,1,0,1,1
"person506","Male",26,1,1,0,1,1
"person507","Male",4,1,1,0,1,1
"person508","Female",6,1,1,0,1,1
"person509","Female",34,1,1,0,1,1
"person510","Female",31,1,1,0,1,1
"person511","Male",37,1,1,0,1,1
"person512","Female",34,1,1,0,1,1
"person513","Female",9,1,1,0,1,1
"person514","Female",6,1,1,0,1,1
"person515","Female",11,1,1,0,1,1
"person516","Male",36,1,1,0,1,1
"person517","Female",1,1,1,0,1,1
"person518","Female",32,1,1,0,1,1
"person519","Male",38,1,1,0,1,1
"person520","Female",15,1,1,0,1,1
"person521","Male",9,1,1,0,1,1
"person522","Female",37,1,1,0,1,1
"person523","Male",38,1,1,0,1,1
"person524","Male",10,1,1,0,1,1
"person525","Male",46,1,1,0,1,1
"person526","Male",6,1,1,0,1,1
"person527","Male",34,1,1,0,1,1
"person528","Male",30,1,1,0,1,1
"person529","Male",46,1,1,0,1,1
"person530","Male",20,1,1,0,1,1
"person531","Female",5,1,1,0,1,1
"person532","Male",38,1,1,0,1,1
"person533","Female",36,1,1,0,1,1
"person534","Male",6,1,1,0,1,1
"person535","Female",18,1,1,0,1,1
"person536","Female",18,1,1,0,1,1
"person537","Female",23,1,1,0,1,1
"person538","Female",50,1,1,0,1,1
"person539","Male",47,1,1,0,1,1
"person540","Male",43,1,1,0,1,1
"person541","Male",7,1,1,0,1,1
"person542","Male",5,1,1,0,1,1
"person543","Male",4,1,1,0,1,1
"person544","Female",5,1,1,0,1,1
"person545","Male",38,1,1,0,1,1
"person546","Male",44,1,1,0,1,1
"person547","Male",19,1,1,0,1,1
"person548","Female",18,1,1,0,1,1
"person549","Male",32,1,1,0,1,1
"person550","Female",18,1,1,0,1,1
"person551","Female",15,1,1,0,1,1
"person552","Male",47,1,1,0,1,1
"person553","Female",41,1,1,0,1,1
"person554","Male",38,1,1,0,1,1
"person555","Male",46,1,1,0,1,1
"person556","Male",11,1,1,0,1,1
"person557","Male",19,1,1,0,1,1
"person558","Male",43,1,1,0,1,1
"person559","Male",44,1,1,0,1,1
"person560","Male",47,1,1,0,1,1
"person561","Female",43,1,1,0,1,1
"person562","Male",37,1,1,0,1,1
"person563","Male",28,1,1,0,1,1
"person564","Male",15,1,1,0,1,1
"person565","Female",22,1,1,0,1,1
"person566","Female",25,1,1,0,1,1
"person567","Female",27,1,1,0,1,1
"person568","Female",26,1,1,0,1,1
"person569","Male",36,1,1,0,1,1
"person570","Male",36,1,1,0,1,1
"person571","Male",32,1,1,0,1,1
"person572","Male",44,1,1,0,1,1
"person573","Female",41,1,1,0,1,1
"person574","Female",4,1,1,0,1,1
"person575","Male",36,1,1,0,1,1
"person576","Male",12,1,1,0,1,1
"person577","Male",22,1,1,0,1,1
"person578","Female",30,1,1,0,1,1
"person579","Female",26,1,1,0,1,1
"person580","Male",18,1,1,0,1,1
"person581","Female",16,1,1,0,1,1
"person582","Male",46,1,1,0,1,1
"person583","Female",16,1,1,0,1,1
"person584","Female",31,1,1,0,1,1
"person585","Male",42,1,1,0,1,1
"person586","Female",9,1,1,0,1,1
"person587","Female",48,1,1,0,1,1
"person588","Female",43,1,1,0,1,1
"person589","Female",7,1,1,0,1,1
"person590","Male",11,1,1,0,1,1
"person591","Male",32,1,1,0,1,1
"person592","Female",24,1,1,0,1,1
"person593","Female",15,1,1,0,1,1
"person594","Female",14,1,1,0,1,1
"person595","Male",50,1,1,0,1,1
"person596","Female",42,1,1,0,1,1
"person597","Male",24,1,1,0,1,1
"person598","Female",19,1,1,0,1,1
"person599","Male",37,1,1,0,1,1
"person600","Male",32,1,1,0,1,1
"person601","Male",19,1,1,0,1,1
"person602","Male",46,1,1,0,1,1
"person603","Female",22,1,1,1,0,0
"person604","Female",11,1,1,1,0,0
"person605","Female",47,1,1,1,0,0
"person606","Female",14,1,1,1,0,0
"person607","Female",7,1,1,1,0,0
"person608","Male",49,1,1,1,0,0
"person609","Female",14,1,1,1,0,0
"person610","Male",3,1,1,1,0,0
"person611","Male",2,1,1,1,0,0
"person612","Male",4,1,1,1,0,0
"person613","Male",31,1,1,1,0,0
"person614","Female",13,1,1,1,0,1
"person615","Female",35,1,1,1,0,1
"person616","Female",12,1,1,1,0,1
"person617","Female",18,1,1,1,0,1
"person618","Male",46,1,1,1,0,1
"person619","Male",5,1,1,1,0,1
"person620","Male",40,1,1,1,0,1
"person621","Female",13,1,1,1,0,1
"person622","Male",15,1,1,1,0,1
"person623","Male",35,1,1,1,0,1
"person624","Male",20,1,1,1,0,1
"person625","Female",36,1,1,1,0,1
"person626","Male",45,1,1,1,0,1
"person627","Female",19,1,1,1,0,1
"person628","Female",4,1,1,1,0,1
"person629","Male",24,1,1,1,0,1
"person630","Male",28,1,1,1,0,1
"person631","Female",32,1,1,1,0,1
"person632","Female",10,1,1,1,0,1
"person633","Male",25,1,1,1,0,1
"person634","Female",22,1,1,1,0,1
"person635","Female",41,1,1,1,0,1
"person636","Male",7,1,1,1,0,1
"person637","Female",31,1,1,1,0,1
"person638","Female",20,1,1,1,0,1
"person639","Male",36,1,1,1,0,1
"person640","Female",23,1,1,1,0,1
"person641","Male",42,1,1,1,0,1
"person642","Female",4,1,1,1,0,1
"person643","Female",45,1,1,1,0,1
"person644","Female",25,1,1,1,0,1
"person645","Male",33,1,1,1,0,1
"person646","Male",35,1,1,1,0,1
"person647","Male",45,1,1,1,0,1
"person648","Male",26,1,1,1,0,1
"person649","Male",8,1,1,1,0,1
"person650","Male",45,1,1,1,0,1
"person651","Female",5,1,1,1,0,1
"person652","Female",7,1,1,1,0,1
"person653","Male",12,1,1,1,0,1
"person654","Female",28,1,1,1,0,1
"person655","Female",48,1,1,1,0,1
"person656","Male",7,1,1,1,0,1
"person657","Female",25,1,1,1,0,1
"person658","Female",49,1,1,1,0,1
"person659","Male",4,1,1,1,0,1
"person660","Female",8,1,1,1,0,1
"person661","Female",27,1,1,1,0,1
"person662","Female",26,1,1,1,0,1
"person663","Female",4,1,1,1,0,1
"person664","Male",34,1,1,1,0,1
"person665","Male",17,1,1,1,0,1
"person666","Female",32,1,1,1,0,1
"person667","Female",2,1,1,1,0,1
"person668","Male",29,1,1,1,0,1
"person669","Male",48,1,1,1,0,1
"person670","Female",40,1,1,1,0,1
"person671","Male",46,1,1,1,0,1
"person672","Male",32,1,1,1,0,1
"person673","Female",5,1,1,1,0,1
"person674","Male",24,1,1,1,0,1
"person675","Male",4,1,1,1,1,0
"person676","Female",5,1,1,1,1,0
"person677","Male",47,1,1,1,1,0
"person678","Male",23,1,1,1,1,0
"person679","Male",21,1,1,1,1,0
"person680","Male",25,1,1,1,1,0
"person681","Male",4,1,1,1,1,0
"person682","Female",27,1,1,1,1,0
"person683","Female",16,1,1,1,1,0
"person684","Male",50,1,1,1,1,0
"person685","Male",46,1,1,1,1,0
"person686","Female",5,1,1,1,1,0
"person687","Male",26,1,1,1,1,0
"person688","Male",29,1,1,1,1,0
"person689","Female",44,1,1,1,1,0
"person690","Male",50,1,1,1,1,0
"person691","Male",45,1,1,1,1,0
"person692","Male",13,1,1,1,1,0
"person693","Male",19,1,1,1,1,0
"person694","Female",19,1,1,1,1,0
"person695","Female",21,1,1,1,1,0
"person696","Female",19,1,1,1,1,0
"person697","Female",9,1,1,1,1,0
"person698","Female",21,1,1,1,1,0
"person699","Male",12,1,1,1,1,0
"person700","Male",34,1,1,1,1,0
"person701","Female",41,1,1,1,1,0
"person702","Male",6,1,1,1,1,0
"person703","Male",38,1,1,1,1,1
"person704","Male",40,1,1,1,1,1
"person705","Female",15,1,1,1,1,1
"person706","Male",8,1,1,1,1,1
"person707","Female",44,1,1,1,1,1
"person708","Female",30,1,1,1,1,1
"person709","Male",22,1,1,1,1,1
"person710","Male",33,1,1,1,1,1
"person711","Female",16,1,1,1,1,1
"person712","Male",21,1,1,1,1,1
"person713","Male",34,1,1,1,1,1
"person714","Female",3,1,1,1,1,1
"person715","Male",42,1,1,1,1,1
"person716","Female",26,1,1,1,1,1
"person717","Female",29,1,1,1,1,1
"person718","Female",13,1,1,1,1,1
"person719","Female",35,1,1,1,1,1
"person720","Female",27,1,1,1,1,1
"person721","Male",13,1,1,1,1,1
"person722","Male",28,1,1,1,1,1
"person723","Female",25,1,1,1,1,1
"person724","Female",26,1,1,1,1,1
"person725","Female",50,1,1,1,1,1
"person726","Female",21,1,1,1,1,1
"person727","Female",21,1,1,1,1,1
"person728","Male",6,1,1,1,1,1
"person729","Female",45,1,1,1,1,1
"person730","Male",29,1,1,1,1,1
"person731","Male",32,1,1,1,1,1
"person732","Male",46,1,1,1,1,1
"person733","Male",27,1,1,1,1,1
"person734","Male",9,1,1,1,1,1
"person735","Male",10,1,1,1,1,1
"person736","Male",33,1,1,1,1,1
"person737","Male",24,1,1,1,1,1
"person738","Male",33,1,1,1,1,1
"person739","Female",46,1,1,1,1,1
"person740","Female",23,1,1,1,1,1
"person741","Female",3,1,1,1,1,1
"person742","Male",43,1,1,1,1,1
"person743","Male",46,1,1,1,1,1
"person744","Male",28,1,1,1,1,1
"person745","Male",26,1,1,1,1,1
"person746","Male",44,1,1,1,1,1
"person747","Male",47,1,1,1,1,1
"person748","Male",34,1,1,1,1,1
"person749","Male",3,1,1,1,1,1
"person750","Male",18,1,1,1,1,1
"person751","Male",12,1,1,1,1,1
"person752","Female",17,1,1,1,1,1
"person753","Male",6,1,1,1,1,1
"person754","Male",16,1,1,1,1,1
"person755","Female",44,1,1,1,1,1
"person756","Female",12,1,1,1,1,1
"person757","Female",27,1,1,1,1,1
"person758","Female",15,1,1,1,1,1
"person759","Male",42,1,1,1,1,1
"person760","Male",47,1,1,1,1,1
"person761","Female",16,1,1,1,1,1
"person762","Male",32,1,1,1,1,1
"person763","Male",44,1,1,1,1,1
"person764","Female",32,1,1,1,1,1
"person765","Male",41,1,1,1,1,1
"person766","Female",7,1,1,1,1,1
"person767","Male",12,1,1,1,1,1
"person768","Male",24,1,1,1,1,1
"person769","Female",6,1,1,1,1,1
"person770","Male",10,1,1,1,1,1
"person771","Female",47,1,1,1,1,1
"person772","Male",23,1,1,1,1,1
"person773","Female",11,1,1,1,1,1
"person774","Female",8,1,1,1,1,1
"person775","Female",17,1,1,1,1,1
"person776","Female",28,1,1,1,1,1
"person777","Male",43,1,1,1,1,1
"person778","Male",37,1,1,1,1,1
"person779","Male",33,1,1,1,1,1
"person780","Male",31,1,1,1,1,1
"person781","Female",1,1,1,1,1,1
"person782","Male",37,1,1,1,1,1
"person783","Male",24,1,1,1,1,1
"person784","Female",35,1,1,1,1,1
"person785","Female",2,1,1,1,1,1
"person786","Male",43,1,1,1,1,1
"person787","Male",29,1,1,1,1,1
"person788","Female",29,1,1,1,1,1
"person789","Male",16,1,1,1,1,1
"person790","Female",6,1,1,1,1,1
"person791","Female",22,1,1,1,1,1
"person792","Female",15,1,1,1,1,1
"person793","Female",14,1,1,1,1,1
"person794","Male",17,1,1,1,1,1
"person795","Male",22,1,1,1,1,1
"person796","Female",45,1,1,1,1,1
"person797","Female",45,1,1,1,1,1
"person798","Female",26,1,1,1,1,1
"person799","Female",34,1,1,1,1,1
"person800","Male",7,1,1,1,1,1
"person801","Female",26,1,1,1,1,1
"person802","Male",22,1,1,1,1,1
"person803","Female",13,1,1,1,1,1
"person804","Female",26,1,1,1,1,1
"person805","Male",20,1,1,1,1,1
"person806","Male",32,1,1,1,1,1
"person807","Female",20,1,1,1,1,1
"person808","Male",5,1,1,1,1,1
"person809","Female",19,1,1,1,1,1
"person810","Male",13,1,1,1,1,1
"person811","Male",13,1,1,1,1,1
"person812","Male",11,1,1,1,1,1
"person813","Female",16,1,1,1,1,1
"person814","Male",43,1,1,1,1,1
"person815","Female",9,1,1,1,1,1
"person816","Female",1,1,1,1,1,1
"person817","Male",41,1,1,1,1,1
"person818","Female",44,1,1,1,1,1
"person819","Male",36,1,1,1,1,1
"person820","Male",35,1,1,1,1,1
"person821","Female",23,1,1,1,1,1
"person822","Male",7,1,1,1,1,1
"person823","Male",22,1,1,1,1,1
"person824","Female",24,1,1,1,1,1
"person825","Male",39,1,1,1,1,1
"person826","Female",48,1,1,1,1,1
"person827","Female",4,1,1,1,1,1
"person828","Male",39,1,1,1,1,1
"person829","Female",8,1,1,1,1,1
"person830","Female",36,1,1,1,1,1
"person831","Female",17,1,1,1,1,1
"person832","Male",35,1,1,1,1,1
"person833","Female",45,1,1,1,1,1
"person834","Male",26,1,1,1,1,1
"person835","Male",26,1,1,1,1,1
"person836","Female",45,1,1,1,1,1
"person837","Male",22,1,1,1,1,1
"person838","Female",9,1,1,1,1,1
"person839","Male",29,1,1,1,1,1
"person840","Male",42,1,1,1,1,1
"person841","Female",1,1,1,1,1,1
"person842","Male",44,1,1,1,1,1
"person843","Female",4,1,1,1,1,1
"person844","Male",38,1,1,1,1,1
"person845","Male",26,1,1,1,1,1
"person846","Female",9,1,1,1,1,1
"person847","Female",45,1,1,1,1,1
"person848","Male",1,1,1,1,1,1
"person849","Female",17,1,1,1,1,1
"person850","Female",26,1,1,1,1,1
"person851","Male",16,1,1,1,1,1
"person852","Female",42,1,1,1,1,1
"person853","Female",33,1,1,1,1,1
"person854","Male",37,1,1,1,1,1
"person855","Female",36,1,1,1,1,1
"person856","Female",30,1,1,1,1,1
"person857","Male",39,1,1,1,1,1
"person858","Male",17,1,1,1,1,1
"person859","Female",27,1,1,1,1,1
"person860","Male",39,1,1,1,1,1
"person861","Female",21,1,1,1,1,1
"person862","Male",34,1,1,1,1,1
"person863","Male",1,1,1,1,1,1
"person864","Female",44,1,1,1,1,1
"person865","Female",10,1,1,1,1,1
"person866","Female",34,1,1,1,1,1
"person867","Female",33,1,1,1,1,1
"person868","Female",9,1,1,1,1,1
"person869","Male",15,1,1,1,1,1
"person870","Male",28,1,1,1,1,1
"person871","Male",50,1,1,1,1,1
"person872","Male",48,1,1,1,1,1
"person873","Female",39,1,1,1,1,1
"person874","Male",43,1,1,1,1,1
"person875","Female",30,1,1,1,1,1
"person876","Female",4,1,1,1,1,1
"person877","Male",44,1,1,1,1,1
"person878","Male",42,1,1,1,1,1
"person879","Male",47,1,1,1,1,1
"person880","Female",8,1,1,1,1,1
"person881","Female",16,1,1,1,1,1
"person882","Female",36,1,1,1,1,1
"person883","Male",39,1,1,1,1,1
"person884","Female",29,1,1,1,1,1
"person885","Male",18,1,1,1,1,1
"person886","Female",12,1,1,1,1,1
"person887","Male",34,1,1,1,1,1
"person888","Male",2,1,1,1,1,1
"person889","Male",41,1,1,1,1,1
"person890","Male",50,1,1,1,1,1
"person891","Female",35,1,1,1,1,1
"person892","Female",13,1,1,1,1,1
"person893","Female",17,1,1,1,1,1
"person894","Female",14,1,1,1,1,1
"person895","Male",19,1,1,1,1,1
"person896","Female",33,1,1,1,1,1
"person897","Male",2,1,1,1,1,1
"person898","Male",46,1,1,1,1,1
"person899","Male",7,1,1,1,1,1
"person900","Male",11,1,1,1,1,1
"person901","Male",42,1,1,1,1,1
"person902","Male",46,1,1,1,1,1
"person903","Female",30,1,1,1,1,1
"person904","Male",19,1,1,1,1,1
"person905","Male",41,1,1,1,1,1
"person906","Female",1,1,1,1,1,1
"person907","Male",5,1,1,1,1,1
"person908","Male",33,1,1,1,1,1
"person909","Male",23,1,1,1,1,1
"person910","Male",5,1,1,1,1,1
"person911","Male",25,1,1,1,1,1
"person912","Male",47,1,1,1,1,1
"person913","Male",21,1,1,1,1,1
"person914","Female",45,1,1,1,1,1
"person915","Male",34,1,1,1,1,1
"person916","Female",9,1,1,1,1,1
"person917","Female",43,1,1,1,1,1
"person918","Male",12,1,1,1,1,1
"person919","Female",49,1,1,1,1,1
"person920","Female",50,1,1,1,1,1
"person921","Female",24,1,1,1,1,1
"person922","Female",35,1,1,1,1,1
"person923","Female",39,1,1,1,1,1
"person924","Male",35,1,1,1,1,1
"person925","Male",2,1,1,1,1,1
"person926","Female",1,1,1,1,1,1
"person927","Male",16,1,1,1,1,1
"person928","Male",15,1,1,1,1,1
"person929","Female",24,1,1,1,1,1
"person930","Male",44,1,1,1,1,1
"person931","Female",17,1,1,1,1,1
"person932","Female",25,1,1,1,1,1
"person933","Female",27,1,1,1,1,1
"person934","Male",29,1,1,1,1,1
"person935","Female",14,1,1,1,1,1
"person936","Male",47,1,1,1,1,1
"person937","Female",45,1,1,1,1,1
"person938","Male",26,1,1,1,1,1
"person939","Male",35,1,1,1,1,1
"person940","Male",25,1,1,1,1,1
"person941","Female",3,1,1,1,1,1
"person942","Male",35,1,1,1,1,1
"person943","Female",27,1,1,1,1,1
"person944","Male",29,1,1,1,1,1
"person945","Female",9,1,1,1,1,1
"person946","Male",41,1,1,1,1,1
"person947","Male",3,1,1,1,1,1
"person948","Male",22,1,1,1,1,1
"person949","Female",10,1,1,1,1,1
"person950","Male",46,1,1,1,1,1
"person951","Male",3,1,1,1,1,1
"person952","Male",2,1,1,1,1,1
"person953","Female",17,1,1,1,1,1
"person954","Female",46,1,1,1,1,1
"person955","Female",35,1,1,1,1,1
"person956","Female",27,1,1,1,1,1
"person957","Male",10,1,1,1,1,1
"person958","Male",32,1,1,1,1,1
"person959","Female",3,1,1,1,1,1
"person960","Female",22,1,1,1,1,1
"person961","Male",39,1,1,1,1,1
"person962","Male",5,1,1,1,1,1
"person963","Male",32,1,1,1,1,1
"person964","Female",17,1,1,1,1,1
"person965","Female",41,1,1,1,1,1
"person966","Male",4,1,1,1,1,1
"person967","Male",19,1,1,1,1,1
"person968","Male",50,1,1,1,1,1
"person969","Female",21,1,1,1,1,1
"person970","Female",38,1,1,1,1,1
"person971","Female",9,1,1,1,1,1
"person972","Female",20,1,1,1,1,1
"person973","Male",11,1,1,1,1,1
"person974","Female",1,1,1,1,1,1
"person975","Male",18,1,1,1,1,1
"person976","Female",15,1,1,1,1,1
"person977","Male",12,1,1,1,1,1
"person978","Female",24,1,1,1,1,1
"person979","Male",12,1,1,1,1,1
"person980","Male",10,1,1,1,1,1
"person981","Male",28,1,1,1,1,1
"person982","Female",12,1,1,1,1,1
"person983","Male",40,1,1,1,1,1
"person984","Male",8,1,1,1,1,1
"person985","Female",1,1,1,1,1,1
"person986","Female",22,1,1,1,1,1
"person987","Female",35,1,1,1,1,1
"person988","Male",34,1,1,1,1,1
"person989","Female",49,1,1,1,1,1
"person990","Female",50,1,1,1,1,1
"person991","Male",22,1,1,1,1,1
"person992","Female",17,1,1,1,1,1
"person993","Female",19,1,1,1,1,1
"person994","Male",50,1,1,1,1,1
"person995","Male",37,1,1,1,1,1
"person996","Female",24,1,1,1,1,1
"person997","Male",3,1,1,1,1,1
"person998","Female",5,1,1,1,1,1
"person999","Male",2,1,1,1,1,1
"person1000","Female",38,1,1,1,1,1
